{"chunk_definitions":[{"row":23,"row_count":1,"visible":true,"expansion_state":0,"options":{"engine":"r","label":"unnamed-chunk-16","warning":false,"message":false,"dev":"png"},"document_id":"5BB38DDE","chunk_id":"czhq4uj573uoc","chunk_label":"unnamed-chunk-1"},{"row":30,"row_count":1,"visible":true,"expansion_state":0,"options":{"engine":"r","label":"unnamed-chunk-5","dev":"png"},"document_id":"5BB38DDE","chunk_id":"cm5dx1iam7lqx","chunk_label":"unnamed-chunk-2"},{"row":38,"row_count":1,"visible":true,"expansion_state":0,"options":{"engine":"r","label":"unnamed-chunk-4","dev":"png"},"document_id":"5BB38DDE","chunk_id":"cj1nkrtml9ctg","chunk_label":"unnamed-chunk-3"},{"row":46,"row_count":1,"visible":true,"expansion_state":0,"options":{"engine":"r","label":"unnamed-chunk-29","dev":"png"},"document_id":"5BB38DDE","chunk_id":"clr0idzz6euqi","chunk_label":"unnamed-chunk-4"},{"row":63,"row_count":1,"visible":true,"expansion_state":0,"options":{"engine":"r","label":"unnamed-chunk-24","warning":false,"message":false,"dev":"png"},"document_id":"5BB38DDE","chunk_id":"c583uqc2wexr9","chunk_label":"unnamed-chunk-5"},{"row":80,"row_count":1,"visible":true,"expansion_state":0,"options":{"engine":"r","label":"unnamed-chunk-13","dev":"png"},"document_id":"5BB38DDE","chunk_id":"c5icchpk6kpsv","chunk_label":"unnamed-chunk-6"}],"doc_write_time":1771348195}